{"0": {"base_pitch_n": 60, "base_name": "C", "distro": [0.0032756813417190779, 0.0, 0.015509368448637317, 0.0, 0.049168579336416093, 0.039564131629182084, 0.0074786324786324781, 0.13563017256205823, 0.015905592309638217, 0.19523829144593255, 0.0081447963800904983, 0.18045921311470134, 0.19138627089473625, 0.0020545073375262055, 0.099932699690732915, 0.00098039215686274508, 0.04604112058850398, 0.0078416613957410924, 0.0, 0.0013888888888888887]}, "1": {"base_pitch_n": 67, "base_name": "G", "distro": [0.0008547008547008547, 0.0008547008547008547, 0.0094499163648099835, 0.00094161958568738226, 0.029747943531673284, 0.0015669515669515669, 0.039975471296967428, 0.14501543585004298, 0.0011820330969267139, 0.20142856904964188, 0.0, 0.22651833482671735, 0.1203630865362403, 0.017177975827745138, 0.1385528309473768, 0.0011337868480725622, 0.047780956251399685, 0.0012077294685990338, 0.0081239786208730305, 0.0081239786208730305]}, "-4": {"base_pitch_n": 68, "base_name": "Ab", "distro": [0.0, 0.0, 0.0, 0.0, 0.0, 0.078947368421052627, 0.0, 0.065789473684210523, 0.19736842105263158, 0.0, 0.15789473684210525, 0.0, 0.22368421052631579, 0.092105263157894732, 0.026315789473684209, 0.052631578947368418, 0.026315789473684209, 0.078947368421052627, 0.0, 0.0]}, "3": {"base_pitch_n": 69, "base_name": "A", "distro": [0.0, 0.0017094017094017094, 0.0, 0.0, 0.028905908001055563, 0.0, 0.042821405572299409, 0.0014513788098693759, 0.05908785558140664, 0.19780649597478092, 0.0014513788098693759, 0.24460395951569242, 0.0, 0.23144675493716219, 0.096246224556752968, 0.015581854043392506, 0.073118151719086075, 0.0, 0.0057692307692307687, 0.0]}, "2": {"base_pitch_n": 62, "base_name": "D", "distro": [0.0, 0.019345238095238092, 0.031738094965654572, 0.0, 0.040428665148160237, 0.0, 0.071599570098612578, 0.048883853164552613, 0.0082362026244736063, 0.1452498709171266, 0.004081632653061224, 0.17279163395191879, 0.0, 0.14424055290690671, 0.18437558729914125, 0.0, 0.0804497700726515, 0.0, 0.046918198534395918, 0.0016611295681063123]}, "-1": {"base_pitch_n": 65, "base_name": "F", "distro": [0.010686741630137858, 0.0, 0.032433404163587094, 0.0, 0.028047852741248967, 0.14015551009505064, 0.0066621499548328812, 0.18527794980745152, 0.0016666666666666668, 0.22397349102981598, 0.10527252103846051, 0.0074509803921568628, 0.12438363596576213, 0.009479166666666667, 0.07385020806568364, 0.0, 0.02859909166047005, 0.022060630122008512, 0.0, 0.0]}, "4": {"base_pitch_n": 64, "base_name": "E", "distro": [0.0, 0.011627906976744186, 0.02564102564102564, 0.011627906976744186, 0.087358378056052469, 0.0, 0.060524746571258198, 0.064102564102564097, 0.069767441860465115, 0.11061419200954084, 0.011627906976744186, 0.26654740608228977, 0.01282051282051282, 0.10942158616577222, 0.062909958258795473, 0.047704233750745381, 0.047704233750745381, 0.0, 0.0, 0.0]}, "-3": {"base_pitch_n": 63, "base_name": "Eb", "distro": [0.0, 0.0, 0.0043859649122807015, 0.054152046783625729, 0.0, 0.10119526458422479, 0.0, 0.15678790472115248, 0.091086150335187563, 0.024883040935672514, 0.18681357866210238, 0.023048780487804878, 0.13531664527171589, 0.0, 0.091612466124661257, 0.089674796747967481, 0.0, 0.034945799457994579, 0.0, 0.0060975609756097563]}, "-2": {"base_pitch_n": 70, "base_name": "Bb", "distro": [0.0076704545454545463, 0.0, 0.0043604651162790697, 0.0029069767441860465, 0.0077020202020202022, 0.030474825024243632, 0.036601643707643378, 0.11315657531763984, 0.0, 0.12629232286575709, 0.19468813613918037, 0.0044452887537993922, 0.16031757668864716, 0.0030982252141982863, 0.18302848081183604, 0.068140444597139194, 0.0048326835607537359, 0.044063612125080129, 0.0, 0.0082202685861419086]}}