{"-4": {"base_pitch_n": 68, "base_name": "Ab", "distro": [0.0, 0.0, 0.0, 0.0, 0.0, 0.07894736842105263, 0.0, 0.06578947368421052, 0.19736842105263158, 0.0, 0.15789473684210525, 0.0, 0.2236842105263158, 0.09210526315789473, 0.02631578947368421, 0.05263157894736842, 0.02631578947368421, 0.07894736842105263, 0.0, 0.0]}, "1": {"base_pitch_n": 67, "base_name": "G", "distro": [0.0008547008547008547, 0.0008547008547008547, 0.009449916364809983, 0.0009416195856873823, 0.029747943531673284, 0.0015669515669515669, 0.03997547129696743, 0.14501543585004298, 0.001182033096926714, 0.20142856904964188, 0.0, 0.22651833482671735, 0.1203630865362403, 0.017177975827745138, 0.1385528309473768, 0.0011337868480725622, 0.047780956251399685, 0.0012077294685990338, 0.00812397862087303, 0.00812397862087303]}, "0": {"base_pitch_n": 60, "base_name": "C", "distro": [0.003275681341719078, 0.0, 0.015509368448637317, 0.0, 0.04916857933641609, 0.039564131629182084, 0.007478632478632478, 0.13563017256205823, 0.015905592309638217, 0.19523829144593255, 0.008144796380090498, 0.18045921311470134, 0.19138627089473625, 0.0020545073375262055, 0.09993269969073292, 0.000980392156862745, 0.04604112058850398, 0.007841661395741092, 0.0, 0.0013888888888888887]}, "3": {"base_pitch_n": 69, "base_name": "A", "distro": [0.0, 0.0017094017094017094, 0.0, 0.0, 0.028905908001055563, 0.0, 0.04282140557229941, 0.001451378809869376, 0.05908785558140664, 0.19780649597478092, 0.001451378809869376, 0.24460395951569242, 0.0, 0.23144675493716219, 0.09624622455675297, 0.015581854043392506, 0.07311815171908607, 0.0, 0.005769230769230769, 0.0]}, "2": {"base_pitch_n": 62, "base_name": "D", "distro": [0.0, 0.019345238095238092, 0.03173809496565457, 0.0, 0.04042866514816024, 0.0, 0.07159957009861258, 0.04888385316455261, 0.008236202624473606, 0.1452498709171266, 0.004081632653061224, 0.1727916339519188, 0.0, 0.1442405529069067, 0.18437558729914125, 0.0, 0.0804497700726515, 0.0, 0.04691819853439592, 0.0016611295681063123]}, "-1": {"base_pitch_n": 65, "base_name": "F", "distro": [0.010686741630137858, 0.0, 0.032433404163587094, 0.0, 0.028047852741248967, 0.14015551009505064, 0.006662149954832881, 0.18527794980745152, 0.0016666666666666668, 0.22397349102981598, 0.1052725210384605, 0.007450980392156863, 0.12438363596576213, 0.009479166666666667, 0.07385020806568364, 0.0, 0.02859909166047005, 0.022060630122008512, 0.0, 0.0]}, "4": {"base_pitch_n": 64, "base_name": "E", "distro": [0.0, 0.011627906976744186, 0.02564102564102564, 0.011627906976744186, 0.08735837805605247, 0.0, 0.0605247465712582, 0.0641025641025641, 0.06976744186046512, 0.11061419200954084, 0.011627906976744186, 0.2665474060822898, 0.01282051282051282, 0.10942158616577222, 0.06290995825879547, 0.04770423375074538, 0.04770423375074538, 0.0, 0.0, 0.0]}, "-3": {"base_pitch_n": 63, "base_name": "Eb", "distro": [0.0, 0.0, 0.0043859649122807015, 0.05415204678362573, 0.0, 0.10119526458422479, 0.0, 0.15678790472115248, 0.09108615033518756, 0.024883040935672514, 0.18681357866210238, 0.023048780487804878, 0.13531664527171589, 0.0, 0.09161246612466126, 0.08967479674796748, 0.0, 0.03494579945799458, 0.0, 0.006097560975609756]}, "-2": {"base_pitch_n": 70, "base_name": "Bb", "distro": [0.007670454545454546, 0.0, 0.00436046511627907, 0.0029069767441860465, 0.007702020202020202, 0.030474825024243632, 0.03660164370764338, 0.11315657531763984, 0.0, 0.1262923228657571, 0.19468813613918037, 0.004445288753799392, 0.16031757668864716, 0.0030982252141982863, 0.18302848081183604, 0.0681404445971392, 0.004832683560753736, 0.04406361212508013, 0.0, 0.008220268586141909]}}